{"cameraMode":{"drawMode":0,"name":"Shaded","section":"Shading Mode"},"sceneLighting":true,"audioPlay":false,"sceneViewState":{"showFog":true,"showMaterialUpdate":false,"showSkybox":true,"showFlares":true,"showImageEffects":true,"showParticleSystems":true},"in2DMode":false,"pivot":{"x":373.5627136230469,"y":1141.2110595703125,"z":-14.42728328704834},"rotation":{"x":0.010847453027963639,"y":0.03424965590238571,"z":0.0010642246343195439,"w":0.9996141791343689},"size":1071.4559326171875,"orthographic":false}